{
  "swagger": "2.0",
  "info": {
    "title": "My API",
    "description": "Description",
    "version": "1.0.0"
  },
  "host": "localhost:5000",
  "basePath": "/",
  "tags": [],
  "schemes": [
    "http"
  ],
  "consumes": [],
  "produces": [],
  "paths": {
    "/api/movies/": {
      "get": {
        "tags": [],
        "description": "",
        "parameters": [],
        "responses": {}
      },
      "post": {
        "tags": [],
        "description": "",
        "parameters": [],
        "responses": {
          "500": {
            "description": "Internal Server Error"
          }
        }
      }
    },
    "/api/movies/{id}": {
      "get": {
        "tags": [],
        "description": "",
        "parameters": [
          {
            "name": "id",
            "in": "path",
            "required": true,
            "type": "string"
          }
        ],
        "responses": {
          "500": {
            "description": "Internal Server Error"
          }
        }
      },
      "delete": {
        "tags": [],
        "description": "",
        "parameters": [
          {
            "name": "id",
            "in": "path",
            "required": true,
            "type": "string"
          }
        ],
        "responses": {}
      },
      "put": {
        "tags": [],
        "description": "",
        "parameters": [
          {
            "name": "id",
            "in": "path",
            "required": true,
            "type": "string"
          }
        ],
        "responses": {
          "500": {
            "description": "Internal Server Error"
          }
        }
      }
    },
    "/api/movies/{id}/director": {
      "patch": {
        "tags": [],
        "description": "",
        "parameters": [
          {
            "name": "id",
            "in": "path",
            "required": true,
            "type": "string"
          }
        ],
        "responses": {
          "500": {
            "description": "Internal Server Error"
          }
        }
      }
    },
    "/api/movies/{id}/actors": {
      "post": {
        "tags": [],
        "description": "",
        "parameters": [
          {
            "name": "id",
            "in": "path",
            "required": true,
            "type": "string"
          }
        ],
        "responses": {
          "500": {
            "description": "Internal Server Error"
          }
        }
      }
    },
    "/api/movies/{id}/actors/{idPerson}": {
      "delete": {
        "tags": [],
        "description": "",
        "parameters": [
          {
            "name": "id",
            "in": "path",
            "required": true,
            "type": "string"
          },
          {
            "name": "idPerson",
            "in": "path",
            "required": true,
            "type": "string"
          }
        ],
        "responses": {}
      }
    },
    "/api/persons/": {
      "get": {
        "tags": [],
        "description": "",
        "parameters": [],
        "responses": {}
      },
      "post": {
        "tags": [],
        "description": "",
        "parameters": [],
        "responses": {}
      }
    },
    "/api/persons/{id}": {
      "get": {
        "tags": [],
        "description": "",
        "parameters": [
          {
            "name": "id",
            "in": "path",
            "required": true,
            "type": "string"
          }
        ],
        "responses": {
          "500": {
            "description": "Internal Server Error"
          }
        }
      },
      "delete": {
        "tags": [],
        "description": "",
        "parameters": [
          {
            "name": "id",
            "in": "path",
            "required": true,
            "type": "string"
          }
        ],
        "responses": {}
      },
      "put": {
        "tags": [],
        "description": "",
        "parameters": [
          {
            "name": "id",
            "in": "path",
            "required": true,
            "type": "string"
          }
        ],
        "responses": {}
      }
    }
  },
  "definitions": {}
}